{"v":"4.10.1","fr":30,"ip":0,"op":90,"w":1080,"h":1080,"nm":"Final","ddd":0,"assets":[{"id":"comp_0","layers":[{"ddd":0,"ind":1,"ty":0,"nm":"Burst","refId":"comp_1","sr":1,"ks":{"o":{"a":0,"k":100,"ix":11},"r":{"a":0,"k":315,"ix":10},"p":{"a":0,"k":[800,400,0],"ix":2},"a":{"a":0,"k":[800,400,0],"ix":1},"s":{"a":0,"k":[100,100,100],"ix":6}},"ao":0,"w":1600,"h":800,"ip":0,"op":31.031031031031,"st":0,"bm":0},{"ddd":0,"ind":2,"ty":0,"nm":"Burst","refId":"comp_1","sr":1,"ks":{"o":{"a":0,"k":100,"ix":11},"r":{"a":0,"k":270,"ix":10},"p":{"a":0,"k":[800,400,0],"ix":2},"a":{"a":0,"k":[800,400,0],"ix":1},"s":{"a":0,"k":[100,100,100],"ix":6}},"ao":0,"w":1600,"h":800,"ip":0,"op":31.031031031031,"st":0,"bm":0},{"ddd":0,"ind":3,"ty":0,"nm":"Burst","refId":"comp_1","sr":1,"ks":{"o":{"a":0,"k":100,"ix":11},"r":{"a":0,"k":225,"ix":10},"p":{"a":0,"k":[800,400,0],"ix":2},"a":{"a":0,"k":[800,400,0],"ix":1},"s":{"a":0,"k":[100,100,100],"ix":6}},"ao":0,"w":1600,"h":800,"ip":0,"op":31.031031031031,"st":0,"bm":0},{"ddd":0,"ind":4,"ty":0,"nm":"Burst","refId":"comp_1","sr":1,"ks":{"o":{"a":0,"k":100,"ix":11},"r":{"a":0,"k":180,"ix":10},"p":{"a":0,"k":[800,400,0],"ix":2},"a":{"a":0,"k":[800,400,0],"ix":1},"s":{"a":0,"k":[100,100,100],"ix":6}},"ao":0,"w":1600,"h":800,"ip":0,"op":31.031031031031,"st":0,"bm":0},{"ddd":0,"ind":5,"ty":0,"nm":"Burst","refId":"comp_1","sr":1,"ks":{"o":{"a":0,"k":100,"ix":11},"r":{"a":0,"k":135,"ix":10},"p":{"a":0,"k":[800,400,0],"ix":2},"a":{"a":0,"k":[800,400,0],"ix":1},"s":{"a":0,"k":[100,100,100],"ix":6}},"ao":0,"w":1600,"h":800,"ip":0,"op":31.031031031031,"st":0,"bm":0},{"ddd":0,"ind":6,"ty":0,"nm":"Burst","refId":"comp_1","sr":1,"ks":{"o":{"a":0,"k":100,"ix":11},"r":{"a":0,"k":90,"ix":10},"p":{"a":0,"k":[800,400,0],"ix":2},"a":{"a":0,"k":[800,400,0],"ix":1},"s":{"a":0,"k":[100,100,100],"ix":6}},"ao":0,"w":1600,"h":800,"ip":0,"op":31.031031031031,"st":0,"bm":0},{"ddd":0,"ind":7,"ty":0,"nm":"Burst","refId":"comp_1","sr":1,"ks":{"o":{"a":0,"k":100,"ix":11},"r":{"a":0,"k":45,"ix":10},"p":{"a":0,"k":[800,400,0],"ix":2},"a":{"a":0,"k":[800,400,0],"ix":1},"s":{"a":0,"k":[100,100,100],"ix":6}},"ao":0,"w":1600,"h":800,"ip":0,"op":31.031031031031,"st":0,"bm":0},{"ddd":0,"ind":8,"ty":0,"nm":"Burst","refId":"comp_1","sr":1,"ks":{"o":{"a":0,"k":100,"ix":11},"r":{"a":0,"k":0,"ix":10},"p":{"a":0,"k":[800,400,0],"ix":2},"a":{"a":0,"k":[800,400,0],"ix":1},"s":{"a":0,"k":[100,100,100],"ix":6}},"ao":0,"w":1600,"h":800,"ip":0,"op":31.031031031031,"st":0,"bm":0}]},{"id":"comp_1","layers":[{"ddd":0,"ind":1,"ty":4,"nm":"Shape Layer 4","sr":1,"ks":{"o":{"a":1,"k":[{"i":{"x":[0.612],"y":[0.71]},"o":{"x":[0.16],"y":[0]},"n":["0p612_0p71_0p16_0"],"t":3.003,"s":[0],"e":[100]},{"i":{"x":[0.821],"y":[1]},"o":{"x":[0.434],"y":[18.546]},"n":["0p821_1_0p434_18p546"],"t":10.01,"s":[100],"e":[100]},{"i":{"x":[0.349],"y":[1]},"o":{"x":[0.333],"y":[0]},"n":["0p349_1_0p333_0"],"t":14.014,"s":[100],"e":[0]},{"t":24.024024024024}],"ix":11},"r":{"a":0,"k":0,"ix":10},"p":{"a":1,"k":[{"i":{"x":0,"y":1},"o":{"x":0.333,"y":0},"n":"0_1_0p333_0","t":4.004,"s":[800,400,0],"e":[626.745,206.448,0],"to":[-28.875768661499,-32.2586326599121,0],"ti":[28.875768661499,32.2586326599121,0]},{"t":24.024024024024}],"ix":2},"a":{"a":0,"k":[-7,25,0],"ix":1},"s":{"a":1,"k":[{"i":{"x":[0,0,0.667],"y":[1,1,1]},"o":{"x":[0.333,0.333,0.333],"y":[0,0,0]},"n":["0_1_0p333_0","0_1_0p333_0","0p667_1_0p333_0"],"t":4.004,"s":[30,30,100],"e":[30,30,100]},{"t":24.024024024024}],"ix":6}},"ao":0,"shapes":[{"ty":"gr","it":[{"d":1,"ty":"el","s":{"a":0,"k":[46,46],"ix":2},"p":{"a":0,"k":[0,0],"ix":3},"nm":"Ellipse Path 1","mn":"ADBE Vector Shape - Ellipse","hd":false},{"ty":"fl","c":{"a":0,"k":[0.705882233264,0,1,1],"ix":4},"o":{"a":0,"k":100,"ix":5},"r":1,"nm":"Fill 1","mn":"ADBE Vector Graphic - Fill","hd":false},{"ty":"tr","p":{"a":0,"k":[-7,25],"ix":2},"a":{"a":0,"k":[0,0],"ix":1},"s":{"a":0,"k":[100,100],"ix":3},"r":{"a":0,"k":0,"ix":6},"o":{"a":0,"k":100,"ix":7},"sk":{"a":0,"k":0,"ix":4},"sa":{"a":0,"k":0,"ix":5},"nm":"Transform"}],"nm":"Ellipse 1","np":3,"cix":2,"ix":1,"mn":"ADBE Vector Group","hd":false}],"ip":0,"op":90.0900900900901,"st":0,"bm":0},{"ddd":0,"ind":2,"ty":4,"nm":"Shape Layer 3","sr":1,"ks":{"o":{"a":1,"k":[{"i":{"x":[0.717],"y":[0.778]},"o":{"x":[0.315],"y":[0.22]},"n":["0p717_0p778_0p315_0p22"],"t":3.003,"s":[0],"e":[100]},{"i":{"x":[0.785],"y":[1]},"o":{"x":[0.432],"y":[9.672]},"n":["0p785_1_0p432_9p672"],"t":10.01,"s":[100],"e":[100]},{"i":{"x":[0.349],"y":[1]},"o":{"x":[0.333],"y":[0]},"n":["0p349_1_0p333_0"],"t":12.012,"s":[100],"e":[0]},{"t":22.022022022022}],"ix":11},"r":{"a":0,"k":0,"ix":10},"p":{"a":1,"k":[{"i":{"x":0,"y":1},"o":{"x":0.333,"y":0},"n":"0_1_0p333_0","t":2.002,"s":[800,400,0],"e":[594.433,254.494,0],"to":[-34.2611389160156,-24.2509460449219,0],"ti":[34.2611389160156,24.2509460449219,0]},{"t":22.022022022022}],"ix":2},"a":{"a":0,"k":[-7,25,0],"ix":1},"s":{"a":1,"k":[{"i":{"x":[0,0,0.667],"y":[1,1,1]},"o":{"x":[0.333,0.333,0.333],"y":[0,0,0]},"n":["0_1_0p333_0","0_1_0p333_0","0p667_1_0p333_0"],"t":2.002,"s":[40,40,100],"e":[20,20,100]},{"t":22.022022022022}],"ix":6}},"ao":0,"shapes":[{"ty":"gr","it":[{"d":1,"ty":"el","s":{"a":0,"k":[46,46],"ix":2},"p":{"a":0,"k":[0,0],"ix":3},"nm":"Ellipse Path 1","mn":"ADBE Vector Shape - Ellipse","hd":false},{"ty":"fl","c":{"a":0,"k":[1,0,0,1],"ix":4},"o":{"a":0,"k":100,"ix":5},"r":1,"nm":"Fill 1","mn":"ADBE Vector Graphic - Fill","hd":false},{"ty":"tr","p":{"a":0,"k":[-7,25],"ix":2},"a":{"a":0,"k":[0,0],"ix":1},"s":{"a":0,"k":[100,100],"ix":3},"r":{"a":0,"k":0,"ix":6},"o":{"a":0,"k":100,"ix":7},"sk":{"a":0,"k":0,"ix":4},"sa":{"a":0,"k":0,"ix":5},"nm":"Transform"}],"nm":"Ellipse 1","np":3,"cix":2,"ix":1,"mn":"ADBE Vector Group","hd":false}],"ip":0,"op":90.0900900900901,"st":0,"bm":0},{"ddd":0,"ind":3,"ty":4,"nm":"Shape Layer 2","sr":1,"ks":{"o":{"a":1,"k":[{"i":{"x":[0.702],"y":[1]},"o":{"x":[0.31],"y":[0.293]},"n":["0p702_1_0p31_0p293"],"t":3.003,"s":[0],"e":[100]},{"i":{"x":[0.349],"y":[1]},"o":{"x":[0.333],"y":[0]},"n":["0p349_1_0p333_0"],"t":10.01,"s":[100],"e":[0]},{"t":20.02002002002}],"ix":11},"r":{"a":0,"k":0,"ix":10},"p":{"a":1,"k":[{"i":{"x":0,"y":1},"o":{"x":0.333,"y":0},"n":"0_1_0p333_0","t":0,"s":[800,400,0],"e":[592.133,204.494,0],"to":[-34.6444702148438,-32.5842781066895,0],"ti":[34.6444702148438,32.5842781066895,0]},{"t":20.02002002002}],"ix":2},"a":{"a":0,"k":[-7,25,0],"ix":1},"s":{"a":1,"k":[{"i":{"x":[0,0,0.667],"y":[1,1,1]},"o":{"x":[0.333,0.333,0.333],"y":[0,0,0]},"n":["0_1_0p333_0","0_1_0p333_0","0p667_1_0p333_0"],"t":0,"s":[0,0,100],"e":[50,50,100]},{"t":20.02002002002}],"ix":6}},"ao":0,"shapes":[{"ty":"gr","it":[{"d":1,"ty":"el","s":{"a":0,"k":[46,46],"ix":2},"p":{"a":0,"k":[0,0],"ix":3},"nm":"Ellipse Path 1","mn":"ADBE Vector Shape - Ellipse","hd":false},{"ty":"fl","c":{"a":0,"k":[1,0.376470588235,0,1],"ix":4},"o":{"a":0,"k":100,"ix":5},"r":1,"nm":"Fill 1","mn":"ADBE Vector Graphic - Fill","hd":false},{"ty":"tr","p":{"a":0,"k":[-7,25],"ix":2},"a":{"a":0,"k":[0,0],"ix":1},"s":{"a":0,"k":[100,100],"ix":3},"r":{"a":0,"k":0,"ix":6},"o":{"a":0,"k":100,"ix":7},"sk":{"a":0,"k":0,"ix":4},"sa":{"a":0,"k":0,"ix":5},"nm":"Transform"}],"nm":"Ellipse 1","np":3,"cix":2,"ix":1,"mn":"ADBE Vector Group","hd":false}],"ip":0,"op":90.0900900900901,"st":0,"bm":0}]}],"layers":[{"ddd":0,"ind":1,"ty":4,"nm":"star 11","sr":1,"ks":{"o":{"a":0,"k":100,"ix":11},"r":{"a":0,"k":0,"ix":10},"p":{"a":0,"k":[860,540.25,0],"ix":2},"a":{"a":0,"k":[62,-117.882,0],"ix":1},"s":{"a":0,"k":[33,33,100],"ix":6}},"ao":0,"shapes":[{"ty":"gr","it":[{"ty":"sr","sy":1,"d":1,"pt":{"a":0,"k":5,"ix":3},"p":{"a":0,"k":[0,0],"ix":4},"r":{"a":0,"k":0,"ix":5},"ir":{"a":0,"k":117.796,"ix":6},"is":{"a":0,"k":0,"ix":8},"or":{"a":0,"k":235.593,"ix":7},"os":{"a":0,"k":0,"ix":9},"ix":1,"nm":"Polystar Path 1","mn":"ADBE Vector Shape - Star","hd":false},{"ty":"st","c":{"a":0,"k":[0.623529411765,0.430012362611,0.092918104284,1],"ix":3},"o":{"a":0,"k":100,"ix":4},"w":{"a":0,"k":14,"ix":5},"lc":2,"lj":2,"nm":"Stroke 1","mn":"ADBE Vector Graphic - Stroke","hd":false},{"ty":"tr","p":{"a":0,"k":[62,-98],"ix":2},"a":{"a":0,"k":[0,0],"ix":1},"s":{"a":0,"k":[91.745,91.745],"ix":3},"r":{"a":0,"k":0,"ix":6},"o":{"a":0,"k":100,"ix":7},"sk":{"a":0,"k":0,"ix":4},"sa":{"a":0,"k":0,"ix":5},"nm":"Transform"}],"nm":"Polystar 1","np":3,"cix":2,"ix":1,"mn":"ADBE Vector Group","hd":false},{"ty":"rd","nm":"Round Corners 1","r":{"a":0,"k":10,"ix":1},"ix":2,"mn":"ADBE Vector Filter - RC","hd":false}],"ip":0,"op":130.09009009009,"st":40,"bm":0},{"ddd":0,"ind":2,"ty":4,"nm":"star 10","sr":1,"ks":{"o":{"a":0,"k":100,"ix":11},"r":{"a":0,"k":0,"ix":10},"p":{"a":0,"k":[860,540.25,0],"ix":2},"a":{"a":0,"k":[62,-117.882,0],"ix":1},"s":{"a":1,"k":[{"i":{"x":[0.849,0.849,0.667],"y":[1,1,1]},"o":{"x":[1,1,0.333],"y":[0,0,0]},"n":["0p849_1_1_0","0p849_1_1_0","0p667_1_0p333_0"],"t":40,"s":[0,0,100],"e":[40.92,40.92,100]},{"i":{"x":[1,1,0.667],"y":[1,1,1]},"o":{"x":[0.333,0.333,0.333],"y":[0,0,0]},"n":["1_1_0p333_0","1_1_0p333_0","0p667_1_0p333_0"],"t":45.005,"s":[40.92,40.92,100],"e":[33,33,100]},{"t":48.0078125}],"ix":6}},"ao":0,"shapes":[{"ty":"gr","it":[{"ty":"sr","sy":1,"d":1,"pt":{"a":0,"k":5,"ix":3},"p":{"a":0,"k":[0,0],"ix":4},"r":{"a":0,"k":0,"ix":5},"ir":{"a":0,"k":117.796,"ix":6},"is":{"a":0,"k":0,"ix":8},"or":{"a":0,"k":235.593,"ix":7},"os":{"a":0,"k":0,"ix":9},"ix":1,"nm":"Polystar Path 1","mn":"ADBE Vector Shape - Star","hd":false},{"ty":"fl","c":{"a":0,"k":[1,0.870588235294,0,1],"ix":4},"o":{"a":0,"k":100,"ix":5},"r":1,"nm":"Fill 1","mn":"ADBE Vector Graphic - Fill","hd":false},{"ty":"tr","p":{"a":0,"k":[62,-98],"ix":2},"a":{"a":0,"k":[0,0],"ix":1},"s":{"a":0,"k":[91.745,91.745],"ix":3},"r":{"a":0,"k":0,"ix":6},"o":{"a":0,"k":100,"ix":7},"sk":{"a":0,"k":0,"ix":4},"sa":{"a":0,"k":0,"ix":5},"nm":"Transform"}],"nm":"Polystar 1","np":3,"cix":2,"ix":1,"mn":"ADBE Vector Group","hd":false},{"ty":"rd","nm":"Round Corners 1","r":{"a":0,"k":10,"ix":1},"ix":2,"mn":"ADBE Vector Filter - RC","hd":false}],"ip":0,"op":130.09009009009,"st":40,"bm":0},{"ddd":0,"ind":3,"ty":0,"nm":"8Bursts","refId":"comp_0","sr":1,"ks":{"o":{"a":0,"k":100,"ix":11},"r":{"a":0,"k":0,"ix":10},"p":{"a":0,"k":[860,540.25,0],"ix":2},"a":{"a":0,"k":[800,400,0],"ix":1},"s":{"a":0,"k":[33,33,100],"ix":6}},"ao":0,"w":1600,"h":800,"ip":40,"op":71.031031031031,"st":40,"bm":0},{"ddd":0,"ind":4,"ty":4,"nm":"star 9","sr":1,"ks":{"o":{"a":0,"k":100,"ix":11},"r":{"a":0,"k":0,"ix":10},"p":{"a":0,"k":[700,540.25,0],"ix":2},"a":{"a":0,"k":[62,-117.882,0],"ix":1},"s":{"a":0,"k":[33,33,100],"ix":6}},"ao":0,"shapes":[{"ty":"gr","it":[{"ty":"sr","sy":1,"d":1,"pt":{"a":0,"k":5,"ix":3},"p":{"a":0,"k":[0,0],"ix":4},"r":{"a":0,"k":0,"ix":5},"ir":{"a":0,"k":117.796,"ix":6},"is":{"a":0,"k":0,"ix":8},"or":{"a":0,"k":235.593,"ix":7},"os":{"a":0,"k":0,"ix":9},"ix":1,"nm":"Polystar Path 1","mn":"ADBE Vector Shape - Star","hd":false},{"ty":"st","c":{"a":0,"k":[0.623529411765,0.430012362611,0.092918104284,1],"ix":3},"o":{"a":0,"k":100,"ix":4},"w":{"a":0,"k":14,"ix":5},"lc":2,"lj":2,"nm":"Stroke 1","mn":"ADBE Vector Graphic - Stroke","hd":false},{"ty":"tr","p":{"a":0,"k":[62,-98],"ix":2},"a":{"a":0,"k":[0,0],"ix":1},"s":{"a":0,"k":[91.745,91.745],"ix":3},"r":{"a":0,"k":0,"ix":6},"o":{"a":0,"k":100,"ix":7},"sk":{"a":0,"k":0,"ix":4},"sa":{"a":0,"k":0,"ix":5},"nm":"Transform"}],"nm":"Polystar 1","np":3,"cix":2,"ix":1,"mn":"ADBE Vector Group","hd":false},{"ty":"rd","nm":"Round Corners 1","r":{"a":0,"k":10,"ix":1},"ix":2,"mn":"ADBE Vector Filter - RC","hd":false}],"ip":0,"op":120.09009009009,"st":30,"bm":0},{"ddd":0,"ind":5,"ty":4,"nm":"star 8","sr":1,"ks":{"o":{"a":0,"k":100,"ix":11},"r":{"a":0,"k":0,"ix":10},"p":{"a":0,"k":[700,540.25,0],"ix":2},"a":{"a":0,"k":[62,-117.882,0],"ix":1},"s":{"a":1,"k":[{"i":{"x":[0.849,0.849,0.667],"y":[1,1,1]},"o":{"x":[1,1,0.333],"y":[0,0,0]},"n":["0p849_1_1_0","0p849_1_1_0","0p667_1_0p333_0"],"t":30,"s":[0,0,100],"e":[40.92,40.92,100]},{"i":{"x":[1,1,0.667],"y":[1,1,1]},"o":{"x":[0.333,0.333,0.333],"y":[0,0,0]},"n":["1_1_0p333_0","1_1_0p333_0","0p667_1_0p333_0"],"t":35.005,"s":[40.92,40.92,100],"e":[33,33,100]},{"t":38.0078125}],"ix":6}},"ao":0,"shapes":[{"ty":"gr","it":[{"ty":"sr","sy":1,"d":1,"pt":{"a":0,"k":5,"ix":3},"p":{"a":0,"k":[0,0],"ix":4},"r":{"a":0,"k":0,"ix":5},"ir":{"a":0,"k":117.796,"ix":6},"is":{"a":0,"k":0,"ix":8},"or":{"a":0,"k":235.593,"ix":7},"os":{"a":0,"k":0,"ix":9},"ix":1,"nm":"Polystar Path 1","mn":"ADBE Vector Shape - Star","hd":false},{"ty":"fl","c":{"a":0,"k":[1,0.870588235294,0,1],"ix":4},"o":{"a":0,"k":100,"ix":5},"r":1,"nm":"Fill 1","mn":"ADBE Vector Graphic - Fill","hd":false},{"ty":"tr","p":{"a":0,"k":[62,-98],"ix":2},"a":{"a":0,"k":[0,0],"ix":1},"s":{"a":0,"k":[91.745,91.745],"ix":3},"r":{"a":0,"k":0,"ix":6},"o":{"a":0,"k":100,"ix":7},"sk":{"a":0,"k":0,"ix":4},"sa":{"a":0,"k":0,"ix":5},"nm":"Transform"}],"nm":"Polystar 1","np":3,"cix":2,"ix":1,"mn":"ADBE Vector Group","hd":false},{"ty":"rd","nm":"Round Corners 1","r":{"a":0,"k":10,"ix":1},"ix":2,"mn":"ADBE Vector Filter - RC","hd":false}],"ip":0,"op":120.09009009009,"st":30,"bm":0},{"ddd":0,"ind":6,"ty":0,"nm":"8Bursts","refId":"comp_0","sr":1,"ks":{"o":{"a":0,"k":100,"ix":11},"r":{"a":0,"k":0,"ix":10},"p":{"a":0,"k":[700,540.25,0],"ix":2},"a":{"a":0,"k":[800,400,0],"ix":1},"s":{"a":0,"k":[33,33,100],"ix":6}},"ao":0,"w":1600,"h":800,"ip":30,"op":61.031031031031,"st":30,"bm":0},{"ddd":0,"ind":7,"ty":4,"nm":"star 7","sr":1,"ks":{"o":{"a":0,"k":100,"ix":11},"r":{"a":0,"k":0,"ix":10},"p":{"a":0,"k":[540,540.25,0],"ix":2},"a":{"a":0,"k":[62,-117.882,0],"ix":1},"s":{"a":0,"k":[33,33,100],"ix":6}},"ao":0,"shapes":[{"ty":"gr","it":[{"ty":"sr","sy":1,"d":1,"pt":{"a":0,"k":5,"ix":3},"p":{"a":0,"k":[0,0],"ix":4},"r":{"a":0,"k":0,"ix":5},"ir":{"a":0,"k":117.796,"ix":6},"is":{"a":0,"k":0,"ix":8},"or":{"a":0,"k":235.593,"ix":7},"os":{"a":0,"k":0,"ix":9},"ix":1,"nm":"Polystar Path 1","mn":"ADBE Vector Shape - Star","hd":false},{"ty":"st","c":{"a":0,"k":[0.623529411765,0.430012362611,0.092918104284,1],"ix":3},"o":{"a":0,"k":100,"ix":4},"w":{"a":0,"k":14,"ix":5},"lc":2,"lj":2,"nm":"Stroke 1","mn":"ADBE Vector Graphic - Stroke","hd":false},{"ty":"tr","p":{"a":0,"k":[62,-98],"ix":2},"a":{"a":0,"k":[0,0],"ix":1},"s":{"a":0,"k":[91.745,91.745],"ix":3},"r":{"a":0,"k":0,"ix":6},"o":{"a":0,"k":100,"ix":7},"sk":{"a":0,"k":0,"ix":4},"sa":{"a":0,"k":0,"ix":5},"nm":"Transform"}],"nm":"Polystar 1","np":3,"cix":2,"ix":1,"mn":"ADBE Vector Group","hd":false},{"ty":"rd","nm":"Round Corners 1","r":{"a":0,"k":10,"ix":1},"ix":2,"mn":"ADBE Vector Filter - RC","hd":false}],"ip":0,"op":110.09009009009,"st":20,"bm":0},{"ddd":0,"ind":8,"ty":4,"nm":"star 6","sr":1,"ks":{"o":{"a":0,"k":100,"ix":11},"r":{"a":0,"k":0,"ix":10},"p":{"a":0,"k":[540,540.25,0],"ix":2},"a":{"a":0,"k":[62,-117.882,0],"ix":1},"s":{"a":1,"k":[{"i":{"x":[0.849,0.849,0.667],"y":[1,1,1]},"o":{"x":[1,1,0.333],"y":[0,0,0]},"n":["0p849_1_1_0","0p849_1_1_0","0p667_1_0p333_0"],"t":20,"s":[0,0,100],"e":[40.92,40.92,100]},{"i":{"x":[1,1,0.667],"y":[1,1,1]},"o":{"x":[0.333,0.333,0.333],"y":[0,0,0]},"n":["1_1_0p333_0","1_1_0p333_0","0p667_1_0p333_0"],"t":25.005,"s":[40.92,40.92,100],"e":[33,33,100]},{"t":28.0078125}],"ix":6}},"ao":0,"shapes":[{"ty":"gr","it":[{"ty":"sr","sy":1,"d":1,"pt":{"a":0,"k":5,"ix":3},"p":{"a":0,"k":[0,0],"ix":4},"r":{"a":0,"k":0,"ix":5},"ir":{"a":0,"k":117.796,"ix":6},"is":{"a":0,"k":0,"ix":8},"or":{"a":0,"k":235.593,"ix":7},"os":{"a":0,"k":0,"ix":9},"ix":1,"nm":"Polystar Path 1","mn":"ADBE Vector Shape - Star","hd":false},{"ty":"fl","c":{"a":0,"k":[1,0.870588235294,0,1],"ix":4},"o":{"a":0,"k":100,"ix":5},"r":1,"nm":"Fill 1","mn":"ADBE Vector Graphic - Fill","hd":false},{"ty":"tr","p":{"a":0,"k":[62,-98],"ix":2},"a":{"a":0,"k":[0,0],"ix":1},"s":{"a":0,"k":[91.745,91.745],"ix":3},"r":{"a":0,"k":0,"ix":6},"o":{"a":0,"k":100,"ix":7},"sk":{"a":0,"k":0,"ix":4},"sa":{"a":0,"k":0,"ix":5},"nm":"Transform"}],"nm":"Polystar 1","np":3,"cix":2,"ix":1,"mn":"ADBE Vector Group","hd":false},{"ty":"rd","nm":"Round Corners 1","r":{"a":0,"k":10,"ix":1},"ix":2,"mn":"ADBE Vector Filter - RC","hd":false}],"ip":0,"op":110.09009009009,"st":20,"bm":0},{"ddd":0,"ind":9,"ty":0,"nm":"8Bursts","refId":"comp_0","sr":1,"ks":{"o":{"a":0,"k":100,"ix":11},"r":{"a":0,"k":0,"ix":10},"p":{"a":0,"k":[540,540,0],"ix":2},"a":{"a":0,"k":[800,400,0],"ix":1},"s":{"a":0,"k":[33,33,100],"ix":6}},"ao":0,"w":1600,"h":800,"ip":20,"op":51.031031031031,"st":20,"bm":0},{"ddd":0,"ind":10,"ty":4,"nm":"star 5","sr":1,"ks":{"o":{"a":0,"k":100,"ix":11},"r":{"a":0,"k":0,"ix":10},"p":{"a":0,"k":[380,540.25,0],"ix":2},"a":{"a":0,"k":[62,-117.882,0],"ix":1},"s":{"a":0,"k":[33,33,100],"ix":6}},"ao":0,"shapes":[{"ty":"gr","it":[{"ty":"sr","sy":1,"d":1,"pt":{"a":0,"k":5,"ix":3},"p":{"a":0,"k":[0,0],"ix":4},"r":{"a":0,"k":0,"ix":5},"ir":{"a":0,"k":117.796,"ix":6},"is":{"a":0,"k":0,"ix":8},"or":{"a":0,"k":235.593,"ix":7},"os":{"a":0,"k":0,"ix":9},"ix":1,"nm":"Polystar Path 1","mn":"ADBE Vector Shape - Star","hd":false},{"ty":"st","c":{"a":0,"k":[0.623529411765,0.430012362611,0.092918104284,1],"ix":3},"o":{"a":0,"k":100,"ix":4},"w":{"a":0,"k":14,"ix":5},"lc":2,"lj":2,"nm":"Stroke 1","mn":"ADBE Vector Graphic - Stroke","hd":false},{"ty":"tr","p":{"a":0,"k":[62,-98],"ix":2},"a":{"a":0,"k":[0,0],"ix":1},"s":{"a":0,"k":[91.745,91.745],"ix":3},"r":{"a":0,"k":0,"ix":6},"o":{"a":0,"k":100,"ix":7},"sk":{"a":0,"k":0,"ix":4},"sa":{"a":0,"k":0,"ix":5},"nm":"Transform"}],"nm":"Polystar 1","np":3,"cix":2,"ix":1,"mn":"ADBE Vector Group","hd":false},{"ty":"rd","nm":"Round Corners 1","r":{"a":0,"k":10,"ix":1},"ix":2,"mn":"ADBE Vector Filter - RC","hd":false}],"ip":0,"op":100.09009009009,"st":10,"bm":0},{"ddd":0,"ind":11,"ty":4,"nm":"star 4","sr":1,"ks":{"o":{"a":0,"k":100,"ix":11},"r":{"a":0,"k":0,"ix":10},"p":{"a":0,"k":[380,540.25,0],"ix":2},"a":{"a":0,"k":[62,-117.882,0],"ix":1},"s":{"a":1,"k":[{"i":{"x":[0.849,0.849,0.667],"y":[1,1,1]},"o":{"x":[1,1,0.333],"y":[0,0,0]},"n":["0p849_1_1_0","0p849_1_1_0","0p667_1_0p333_0"],"t":10,"s":[0,0,100],"e":[40.92,40.92,100]},{"i":{"x":[1,1,0.667],"y":[1,1,1]},"o":{"x":[0.333,0.333,0.333],"y":[0,0,0]},"n":["1_1_0p333_0","1_1_0p333_0","0p667_1_0p333_0"],"t":15.005,"s":[40.92,40.92,100],"e":[33,33,100]},{"t":18.0078125}],"ix":6}},"ao":0,"shapes":[{"ty":"gr","it":[{"ty":"sr","sy":1,"d":1,"pt":{"a":0,"k":5,"ix":3},"p":{"a":0,"k":[0,0],"ix":4},"r":{"a":0,"k":0,"ix":5},"ir":{"a":0,"k":117.796,"ix":6},"is":{"a":0,"k":0,"ix":8},"or":{"a":0,"k":235.593,"ix":7},"os":{"a":0,"k":0,"ix":9},"ix":1,"nm":"Polystar Path 1","mn":"ADBE Vector Shape - Star","hd":false},{"ty":"fl","c":{"a":0,"k":[1,0.870588235294,0,1],"ix":4},"o":{"a":0,"k":100,"ix":5},"r":1,"nm":"Fill 1","mn":"ADBE Vector Graphic - Fill","hd":false},{"ty":"tr","p":{"a":0,"k":[62,-98],"ix":2},"a":{"a":0,"k":[0,0],"ix":1},"s":{"a":0,"k":[91.745,91.745],"ix":3},"r":{"a":0,"k":0,"ix":6},"o":{"a":0,"k":100,"ix":7},"sk":{"a":0,"k":0,"ix":4},"sa":{"a":0,"k":0,"ix":5},"nm":"Transform"}],"nm":"Polystar 1","np":3,"cix":2,"ix":1,"mn":"ADBE Vector Group","hd":false},{"ty":"rd","nm":"Round Corners 1","r":{"a":0,"k":10,"ix":1},"ix":2,"mn":"ADBE Vector Filter - RC","hd":false}],"ip":0,"op":100.09009009009,"st":10,"bm":0},{"ddd":0,"ind":12,"ty":0,"nm":"8Bursts","refId":"comp_0","sr":1,"ks":{"o":{"a":0,"k":100,"ix":11},"r":{"a":0,"k":0,"ix":10},"p":{"a":0,"k":[380,540.25,0],"ix":2},"a":{"a":0,"k":[800,400,0],"ix":1},"s":{"a":0,"k":[33,33,100],"ix":6}},"ao":0,"w":1600,"h":800,"ip":10,"op":41.031031031031,"st":10,"bm":0},{"ddd":0,"ind":13,"ty":4,"nm":"star 3","sr":1,"ks":{"o":{"a":0,"k":100,"ix":11},"r":{"a":0,"k":0,"ix":10},"p":{"a":0,"k":[220,540.25,0],"ix":2},"a":{"a":0,"k":[62,-117.882,0],"ix":1},"s":{"a":0,"k":[33,33,100],"ix":6}},"ao":0,"shapes":[{"ty":"gr","it":[{"ty":"sr","sy":1,"d":1,"pt":{"a":0,"k":5,"ix":3},"p":{"a":0,"k":[0,0],"ix":4},"r":{"a":0,"k":0,"ix":5},"ir":{"a":0,"k":117.796,"ix":6},"is":{"a":0,"k":0,"ix":8},"or":{"a":0,"k":235.593,"ix":7},"os":{"a":0,"k":0,"ix":9},"ix":1,"nm":"Polystar Path 1","mn":"ADBE Vector Shape - Star","hd":false},{"ty":"st","c":{"a":0,"k":[0.623529411765,0.430012362611,0.092918104284,1],"ix":3},"o":{"a":0,"k":100,"ix":4},"w":{"a":0,"k":14,"ix":5},"lc":2,"lj":2,"nm":"Stroke 1","mn":"ADBE Vector Graphic - Stroke","hd":false},{"ty":"tr","p":{"a":0,"k":[62,-98],"ix":2},"a":{"a":0,"k":[0,0],"ix":1},"s":{"a":0,"k":[91.745,91.745],"ix":3},"r":{"a":0,"k":0,"ix":6},"o":{"a":0,"k":100,"ix":7},"sk":{"a":0,"k":0,"ix":4},"sa":{"a":0,"k":0,"ix":5},"nm":"Transform"}],"nm":"Polystar 1","np":3,"cix":2,"ix":1,"mn":"ADBE Vector Group","hd":false},{"ty":"rd","nm":"Round Corners 1","r":{"a":0,"k":10,"ix":1},"ix":2,"mn":"ADBE Vector Filter - RC","hd":false}],"ip":0,"op":90.0900900900901,"st":0,"bm":0},{"ddd":0,"ind":14,"ty":4,"nm":"star 2","sr":1,"ks":{"o":{"a":0,"k":100,"ix":11},"r":{"a":0,"k":0,"ix":10},"p":{"a":0,"k":[220,540.25,0],"ix":2},"a":{"a":0,"k":[62,-117.882,0],"ix":1},"s":{"a":1,"k":[{"i":{"x":[0.849,0.849,0.667],"y":[1,1,1]},"o":{"x":[1,1,0.333],"y":[0,0,0]},"n":["0p849_1_1_0","0p849_1_1_0","0p667_1_0p333_0"],"t":0,"s":[0,0,100],"e":[40.92,40.92,100]},{"i":{"x":[1,1,0.667],"y":[1,1,1]},"o":{"x":[0.333,0.333,0.333],"y":[0,0,0]},"n":["1_1_0p333_0","1_1_0p333_0","0p667_1_0p333_0"],"t":5.005,"s":[40.92,40.92,100],"e":[33,33,100]},{"t":8.0078125}],"ix":6}},"ao":0,"shapes":[{"ty":"gr","it":[{"ty":"sr","sy":1,"d":1,"pt":{"a":0,"k":5,"ix":3},"p":{"a":0,"k":[0,0],"ix":4},"r":{"a":0,"k":0,"ix":5},"ir":{"a":0,"k":117.796,"ix":6},"is":{"a":0,"k":0,"ix":8},"or":{"a":0,"k":235.593,"ix":7},"os":{"a":0,"k":0,"ix":9},"ix":1,"nm":"Polystar Path 1","mn":"ADBE Vector Shape - Star","hd":false},{"ty":"fl","c":{"a":0,"k":[1,0.870588235294,0,1],"ix":4},"o":{"a":0,"k":100,"ix":5},"r":1,"nm":"Fill 1","mn":"ADBE Vector Graphic - Fill","hd":false},{"ty":"tr","p":{"a":0,"k":[62,-98],"ix":2},"a":{"a":0,"k":[0,0],"ix":1},"s":{"a":0,"k":[91.745,91.745],"ix":3},"r":{"a":0,"k":0,"ix":6},"o":{"a":0,"k":100,"ix":7},"sk":{"a":0,"k":0,"ix":4},"sa":{"a":0,"k":0,"ix":5},"nm":"Transform"}],"nm":"Polystar 1","np":3,"cix":2,"ix":1,"mn":"ADBE Vector Group","hd":false},{"ty":"rd","nm":"Round Corners 1","r":{"a":0,"k":10,"ix":1},"ix":2,"mn":"ADBE Vector Filter - RC","hd":false}],"ip":0,"op":90.0900900900901,"st":0,"bm":0},{"ddd":0,"ind":15,"ty":0,"nm":"8Bursts","refId":"comp_0","sr":1,"ks":{"o":{"a":0,"k":100,"ix":11},"r":{"a":0,"k":0,"ix":10},"p":{"a":0,"k":[220,540.25,0],"ix":2},"a":{"a":0,"k":[800,400,0],"ix":1},"s":{"a":0,"k":[33,33,100],"ix":6}},"ao":0,"w":1600,"h":800,"ip":0,"op":31.031031031031,"st":0,"bm":0}]}